Username,Name,Address,Education,Email
pashlin0,Phyllis Ashlin,72188 Welch Circle,University of Victoria,pashlin0@skype.com
arowly1,Angelle Rowly,5227 Elka Junction,Universidad Capitain General Gerardo Barrios,arowly1@hostgator.com
kkumaar2,Kim Kumaar,25 Magdeline Trail,Sri Padmavati Women's University,kkumaar2@ihg.com
kmalthouse3,Kakalina Malthouse,884 Donald Drive,State University of New York at Buffalo,kmalthouse3@comsenz.com
ldrew4,Lorianna Drew,688 Myrtle Terrace,Beni Suef University,ldrew4@yale.edu
ahazelhurst5,Ardine Hazelhurst,0 Forest Terrace,Stockholm Institute of Education,ahazelhurst5@a8.net
cgreatbatch6,Chantal Greatbatch,715 Schmedeman Avenue,Midwestern University,cgreatbatch6@lycos.com
jsilverlock7,Jerrine Silverlock,30926 Ridgeview Place,Evangelische Fachhochschule Rheinland-Westfalen-Lippe,jsilverlock7@linkedin.com
dellwood8,Deanne Ellwood,5 Butterfield Lane,Pedagogical University of Zielona Gora,dellwood8@ca.gov
tcourson9,Tamqrah Courson,314 Valley Edge Center,Marylhurst University,tcourson9@diigo.com
jsidlowa,Jay Sidlow,5 Russell Pass,Saint Ferdinand College,jsidlowa@newyorker.com
eblanckleyb,Emily Blanckley,08 High Crossing Lane,State University of Management,eblanckleyb@prlog.org
okenworthc,Odey Kenworth,709 Beilfuss Plaza,Academy of Management and Entrepreneurship,okenworthc@geocities.com
obenedttid,Ottilie Benedtti,75 Bellgrove Street,Moulana Azad national Urdu University,obenedttid@prlog.org
bfleotee,Beauregard Fleote,06 Veith Circle,University of Kurdistan - Hawler,bfleotee@de.vu
edobrowskif,Eimile Dobrowski,7467 Haas Alley,Gandhara Institute of Medical Sciences,edobrowskif@devhub.com
hhutchensg,Hayden Hutchens,61 Tennessee Alley,Universitas Muhammadiyah Magelang,hhutchensg@forbes.com
fwhyteh,Francisca Whyte,44800 Declaration Lane,Madonna University,fwhyteh@fotki.com
olei,Onfre Le Page,44231 Messerschmidt Crossing,Pandit Ravi Shankar Shukla University,olei@apache.org
nedisonj,Niccolo Edison,138 High Crossing Way,New York Medical College,nedisonj@senate.gov
mbartolinik,Mab Bartolini,63 Meadow Valley Street,Tabriz Islamic Art University,mbartolinik@myspace.com
mtwydelll,Marika Twydell,9 Claremont Place,Sripatum University,mtwydelll@pen.io
efilippuccim,Erminie Filippucci,98 Redwing Crossing,Louisiana Baptist University,efilippuccim@time.com
lnothern,Lilla Nother,383 Anthes Court,University of Colorado at Colorado Springs,lnothern@paginegialle.it
sdeo,Sallyanne De Wolfe,5 Anhalt Place,University of Arkansas for Medical Sciences,sdeo@imgur.com
smorriesonp,Sheffy Morrieson,3509 Shelley Hill,University of Kota,smorriesonp@ftc.gov
jjeskinq,Joly Jeskin,7428 Chinook Plaza,Université de Bretagne Sud,jjeskinq@nature.com
rburkinr,Rowen Burkin,7519 Nancy Road,Shandong University of Triaditional Chinese Medicine,rburkinr@biglobe.ne.jp
rdavydochs,Raynard Davydoch,43150 Petterle Road,New Jersey Institute of Technology,rdavydochs@miitbeian.gov.cn
tscardifieldt,Tobias Scardifield,945 American Terrace,Unitomo Surabaya,tscardifieldt@sitemeter.com
bwiddowesu,Bettina Widdowes,492 Hansons Avenue,Hiiraan University,bwiddowesu@marriott.com
eblagbroughv,Ertha Blagbrough,2969 Spenser Street,National Chiayi University,eblagbroughv@example.com
dblaisdellw,Dar Blaisdell,40198 Arizona Hill,Wright Institute,dblaisdellw@cbslocal.com
ahatonx,Ave Haton,58430 Sutteridge Place,Technological University (Pinlon),ahatonx@hp.com
nlandory,Nicolais Landor,9617 Grover Park,"Fachhochschule Ulm, Hochschule für Technik",nlandory@npr.org
msanctoz,Melly Sancto,2 Union Alley,Universidade do Vale do Itajaí,msanctoz@newsvine.com
amcpheat10,Aeriell McPheat,523 Moose Place,University of Siena,amcpheat10@dmoz.org
lroskelley11,Leanna Roskelley,18098 Hanson Circle,University of the Punjab,lroskelley11@statcounter.com
dpinckard12,Dita Pinckard,170 Mandrake Drive,October 6 university,dpinckard12@jiathis.com
hhildred13,Hubie Hildred,024 Autumn Leaf Point,Columbus State University,hhildred13@acquirethisname.com
jmoncreiffe14,Jordan Moncreiffe,2455 Northport Plaza,Chamreun University of Poly Technology,jmoncreiffe14@simplemachines.org
rahmad15,Rebekah Ahmad,02761 Del Sol Terrace,Whitworth College,rahmad15@hibu.com
rbernardinelli16,Robena Bernardinelli,4 Calypso Pass,Sinai University,rbernardinelli16@state.gov
oslade17,Ollie Slade,51145 Cody Park,Fachhochschulstudiengänge Hagenberg,oslade17@dyndns.org
vfirpi18,Vinni Firpi,5226 Division Junction,University of Macerata,vfirpi18@nsw.gov.au
mcorbishley19,Myrilla Corbishley,9191 Annamark Plaza,Benemerita Universidad Autónoma de Puebla,mcorbishley19@goo.ne.jp
ematteo1a,Earlie Matteo,43 Vera Lane,Hehai University,ematteo1a@unesco.org
mkelleway1b,Maxwell Kelleway,9 Fuller Pass,Moscow State University of Forestry Engineering,mkelleway1b@reuters.com
teardley1c,Tadeo Eardley,15 Fairfield Junction,Université de Kolwezi,teardley1c@dyndns.org
atangye1d,Abdel Tangye,29 Blue Bill Park Street,Ho Chi Minh City University of Social Sciences and Humanities,atangye1d@elpais.com
podam1e,Peggi Odam,04 Monterey Point,St. Petersburg State University of Economics and Finance,podam1e@yahoo.co.jp
bteesdale1f,Brockie Teesdale,8 Superior Court,Fatima mata national college kollam kerala,bteesdale1f@apple.com
njeune1g,Netti Jeune,47985 Moulton Way,Technikum Wien,njeune1g@hao123.com
hdesesquelle1h,Harry Desesquelle,9466 Swallow Alley,"Fachhochschule Reutlingen, Hochschule für Technik und Wirtschaft",hdesesquelle1h@constantcontact.com
tskrine1i,Ted Skrine,09 Gale Hill,Fachhochschule Wiener Neustadt,tskrine1i@mayoclinic.com
koxlade1j,Kirstin Oxlade,91 Riverside Drive,European University Institute,koxlade1j@google.com.au
lbazley1k,Laurianne Bazley,9230 Acker Point,University of Maine (System),lbazley1k@arstechnica.com
dklampk1l,Deva Klampk,61 Service Plaza,De La Salle University,dklampk1l@squidoo.com
mloosely1m,Marybeth Loosely,2561 Cottonwood Center,"Fachhochschule Ulm, Hochschule für Technik",mloosely1m@reddit.com
wjohanning1n,Wynn Johanning,797 Meadow Valley Street,Libya Open University,wjohanning1n@weibo.com
adrezzer1o,Adorne Drezzer,7112 Grayhawk Junction,St. Petersburg State University of Waterway Communications,adrezzer1o@answers.com
tverring1p,Terrell Verring,0579 Lakeland Place,Brussels Management School (ICHEC),tverring1p@ca.gov
fveldens1q,Fionnula Veldens,69667 Parkside Parkway,Reed College,fveldens1q@oaic.gov.au
ggawthrope1r,Godfry Gawthrope,72 Melrose Circle,Universidade Federal de Minas Gerais,ggawthrope1r@topsy.com
ahannon1s,Anett Hannon,203 Westport Court,Universidad de Monterrey,ahannon1s@cargocollective.com
smarler1t,Shari Marler,70 Surrey Crossing,University of East London,smarler1t@tripadvisor.com
cmapstone1u,Clari Mapstone,35 Loeprich Parkway,People' s Friendship University of Russia,cmapstone1u@twitter.com
teccleston1v,Tara Eccleston,33 Carpenter Parkway,Aomori University of Health and Welfare,teccleston1v@usda.gov
aheintsch1w,Alasteir Heintsch,528 Fremont Alley,Tokyo Woman's Christian University,aheintsch1w@ifeng.com
lkundt1x,Laure Kundt,58 Basil Alley,Universidad Tecnológica América,lkundt1x@goo.gl
eagglione1y,Emmott Agglione,16132 Buhler Trail,"University of California, Hastings College of Law",eagglione1y@youtu.be
rdallyn1z,Rory Dallyn,4 Transport Crossing,Université Française d'Égypte,rdallyn1z@intel.com
lgamet20,Loni Gamet,461 Marquette Plaza,South Eastern Kenya University,lgamet20@digg.com
saudas21,Sarette Audas,51 Service Terrace,Palacky University,saudas21@live.com
kcordova22,Kleon Cordova,1860 Badeau Parkway,University of Salford,kcordova22@census.gov
mdarbishire23,Michail Darbishire,02435 Spohn Alley,Presidency University,mdarbishire23@ovh.net
mleades24,Marysa Leades,842 Columbus Trail,Technological University of Iceland,mleades24@cnet.com
amughal25,Antonin Mughal,64711 Sheridan Terrace,Ecole Nationale Supérieur des Ingénieur des Etudes et Techniques d'Armement,amughal25@newsvine.com
mduiged26,Melita Duiged,689 Southridge Hill,Mongolian State University of Agriculture,mduiged26@yelp.com
bmckmurrie27,Burnaby McKmurrie,121 Talmadge Trail,McMurry University,bmckmurrie27@msu.edu
nmckinty28,Nana McKinty,1470 Manley Hill,Swiss German University,nmckinty28@fc2.com
slovekin29,Shea Lovekin,00 Eagan Crossing,Nirma University,slovekin29@un.org
cmarzella2a,Carce Marzella,237 Corscot Way,Universidad de La Salle,cmarzella2a@opensource.org
mgroombridge2b,Myrtie Groombridge,82 Pond Pass,Pace University,mgroombridge2b@trellian.com
cgrioli2c,Carce Grioli,08 Hazelcrest Road,Voronezh State University,cgrioli2c@google.it
khaith2d,Kip Haith,01 Pennsylvania Hill,"Institute of Teachers Education, Islamic Education",khaith2d@constantcontact.com
rlago2e,Rochester Lago,98705 Canary Plaza,Osaka International University,rlago2e@uol.com.br
rmawson2f,Roosevelt Mawson,1361 Bonner Crossing,Mustafa Kemal University,rmawson2f@mtv.com
llingfoot2g,Leland Lingfoot,5179 Briar Crest Drive,State University of New York College at Brockport,llingfoot2g@whitehouse.gov
gburgon2h,Glyn Burgon,16726 School Court,Kokugakuin University,gburgon2h@dropbox.com
gweaver2i,Gal Weaver,07053 Debra Lane,Purdue University,gweaver2i@globo.com
cashforth2j,Che Ashforth,8625 Redwing Place,Hamamatsu University,cashforth2j@scientificamerican.com
tsprowson2k,Torre Sprowson,971 Montana Crossing,Shikoku Christian College,tsprowson2k@bbb.org
cbrason2l,Chery Brason,4 Morrow Place,Sotheby´s Institute of Art - London,cbrason2l@ifeng.com
makrigg2m,Mildrid Akrigg,35879 Everett Alley,Centre College,makrigg2m@devhub.com
ljosselsohn2n,Lynelle Josselsohn,8550 Anthes Alley,Ho Chi Minh City University of Economics,ljosselsohn2n@vistaprint.com
fmaccarlich2o,Faber MacCarlich,0517 Delladonna Park,Ecole Supérieure d'Agriculture d'Angers,fmaccarlich2o@zdnet.com
gmacmenamie2p,Gottfried MacMenamie,92093 Debs Alley,Theologische Fakultät Trier,gmacmenamie2p@ftc.gov
jshephard2q,Jorry Shephard,6942 Kings Center,Jichi Medical School,jshephard2q@tiny.cc
jcabrera2r,Josi Cabrera,3573 Cambridge Junction,Dominican College,jcabrera2r@java.com
cmithun2s,Coretta Mithun,642 Boyd Point,Covenant University,cmithun2s@independent.co.uk
awateridge2t,Amelina Wateridge,15797 Heffernan Hill,Carthage College,awateridge2t@histats.com
cmcleish2u,Currie McLeish,13 Everett Hill,Pomorsk State University,cmcleish2u@pcworld.com
gskacel2v,Gael Skacel,4005 Bluestem Junction,Worcester Polytechnic Institute,gskacel2v@linkedin.com
agrundy2w,Adela Grundy,37 Debra Hill,Tohoku College of Pharmacy,agrundy2w@newyorker.com
rmabbitt2x,Rennie Mabbitt,704 Melody Crossing,Universität Flensburg,rmabbitt2x@hubpages.com
icroshaw2y,Ilka Croshaw,49568 Sheridan Junction,Annamalai University,icroshaw2y@google.nl
dennion2z,Doe Ennion,59 Southridge Plaza,China University of Political Science and Law,dennion2z@ox.ac.uk
cvenning30,Cassey Venning,9 Loeprich Crossing,Gebze Institute of Technology,cvenning30@wix.com
jiceton31,Jewelle Iceton,9882 Bartillon Pass,Irish International University (Distance Education),jiceton31@elegantthemes.com
wgain32,Waverley Gain,3535 Monica Plaza,Pennsylvania State University Delaware County,wgain32@answers.com
agowling33,Archie Gowling,4 Grim Way,Universidad de Jaén,agowling33@meetup.com
hlearmount34,Haydon Learmount,44935 Hovde Avenue,University of Parma,hlearmount34@statcounter.com
rgilbertson35,Rachele Gilbertson,14198 Carioca Drive,University of Music and Fine Arts,rgilbertson35@pcworld.com
mfeather36,Merrie Feather,9 Brickson Park Road,Aoyama Gakuin University,mfeather36@quantcast.com
bcrass37,Brana Crass,869 Sage Avenue,Arab Open University,bcrass37@examiner.com
ngass38,Norbert Gass,81 Burrows Point,Université de Caen Basse Normandie,ngass38@mediafire.com
kpearne39,Kelsy Pearne,4536 Mcbride Parkway,International Culinary Institute (ICI),kpearne39@ning.com
tmccue3a,Titus McCue,26698 Mockingbird Way,Seian University of Art & Design,tmccue3a@noaa.gov
jtrevna3b,Judd Trevna,99 Doe Crossing Drive,Hochschule für Politik (HFP),jtrevna3b@ft.com
rkeppel3c,Royall Keppel,40 Sachs Parkway,National Pirogov Memorial Medical University,rkeppel3c@wunderground.com
lmidden3d,Lenore Midden,9060 Portage Avenue,Southwest Forestry University,lmidden3d@digg.com
wloblie3e,Wallache Loblie,41257 Corben Road,Université Panthéon-Sorbonne (Paris I),wloblie3e@csmonitor.com
gcaswall3f,Gilbert Caswall,0687 Melrose Hill,University of Aberdeen,gcaswall3f@ovh.net
gjuzek3g,Gweneth Juzek,29125 Spenser Street,University of Livingstonia,gjuzek3g@sfgate.com
malmeida3h,Milly Almeida,424 Commercial Street,Internationale Fachhochschule Aalen,malmeida3h@samsung.com
zcubberley3i,Zonnya Cubberley,91098 Merry Circle,Washington Bible College,zcubberley3i@booking.com
bwoan3j,Bessy Woan,1 Donald Trail,Universidad Adventista de Centro América,bwoan3j@reddit.com
worrell3k,Wilhelm Orrell,16 Park Meadow Junction,Katholische Fachhochschule Berlin (KFB),worrell3k@cloudflare.com
cdillinton3l,Corey Dillinton,38187 Old Gate Road,Illinois Valley Community College,cdillinton3l@cdc.gov
dturn3m,Danica Turn,9 Bashford Place,Fachhochschule Regensburg,dturn3m@ning.com
ttregiddo3n,Teresina Tregiddo,5225 Clove Hill,College of Telecommunication & Information ,ttregiddo3n@mail.ru
emitrovic3o,Emerson Mitrovic,06511 Shoshone Street,Universidad Católica Santa María La Antigua,emitrovic3o@google.it
gbeeze3p,Gwenette Beeze,9 Golf Course Parkway,European University,gbeeze3p@noaa.gov
ftranfield3q,Flory Tranfield,3 Killdeer Road,"British Institute in Paris, University of London",ftranfield3q@businesswire.com
jbulmer3r,Jerry Bulmer,9789 Sachs Drive,Open University of Sudan (OUS),jbulmer3r@shop-pro.jp
dleddy3s,Darb Leddy,639 Dakota Terrace,California Baptist College,dleddy3s@tinyurl.com
hbarnby3t,Hillery Barnby,20347 Arapahoe Road,Liepaja Pedagogical Higher School,hbarnby3t@about.com
ssikora3u,Serge Sikora,95 1st Place,Medizinische Hochschule Hannover,ssikora3u@webs.com
ayeandel3v,Alyssa Yeandel,05 Main Terrace,Universidade Federal do Piauí,ayeandel3v@wordpress.org
mwellen3w,Malcolm Wellen,4941 Bartelt Avenue,ifs University College,mwellen3w@rambler.ru
jhurton3x,Jaimie Hurton,37 5th Crossing,Trinity University,jhurton3x@nifty.com
gmacbarron3y,Grant MacBarron,764 Bay Way,Université de Ouagadougou,gmacbarron3y@comcast.net
bleckenby3z,Barri Leckenby,20656 Wayridge Alley,Université de Montpellier I,bleckenby3z@typepad.com
dridings40,Devlin Ridings,176 Sachs Road,Igbinedion University,dridings40@wikia.com
lolivetti41,Lindsey Olivetti,45 Darwin Center,York College of Pennsylvania,lolivetti41@spiegel.de
rbowell42,Ramonda Bowell,579 Cherokee Junction,University of Québec,rbowell42@usgs.gov
nandrin43,Nate Andrin,409 Thierer Lane,Universidade Vale do Rio dos Sinos,nandrin43@barnesandnoble.com
gkinvig44,Garreth Kinvig,2 Dorton Point,Ibrahim Babangida University,gkinvig44@cbsnews.com
rakam45,Rosella Akam,50 Columbus Park,Tsukuba University,rakam45@topsy.com
pmackee46,Pearla MacKee,7 New Castle Court,Siena Heights University,pmackee46@cafepress.com
dasquez47,Dane Asquez,4 Northridge Avenue,Universitas Darma Persada,dasquez47@uol.com.br
pipwell48,Prinz Ipwell,0 Riverside Terrace,Fukuoka University,pipwell48@nhs.uk
bsherland49,Boote Sherland,0163 Vidon Plaza,University of Nebraska (System),bsherland49@yale.edu
gkaesmans4a,Gus Kaesmans,257 Ramsey Parkway,University of Mary,gkaesmans4a@home.pl
mwhitlow4b,Mayor Whitlow,8129 Hudson Pass,Sabzevar Teacher Training University,mwhitlow4b@europa.eu
mdennington4c,Maureene Dennington,6912 Springview Circle,Universität Koblenz-Landau,mdennington4c@loc.gov
bhirche4d,Bogey Hirche,5 Sundown Way,St. Joseph Group of Institutes,bhirche4d@joomla.org
sloache4e,Sheppard Loache,410 Marquette Center,Southern College of Optometry,sloache4e@intel.com
zlantuff4f,Zena Lantuff,0199 Donald Pass,Fachhochschule Bielefeld,zlantuff4f@youtu.be
nmckaile4g,Neel McKaile,84888 Judy Court,Birmingham-Southern College,nmckaile4g@google.com.au
msprosson4h,Marta Sprosson,4 Ohio Way,Budapest Buddhist University,msprosson4h@house.gov
gfansy4i,Gusta Fansy,93091 David Plaza,University of Batangas,gfansy4i@youtube.com
cmabbs4j,Cazzie Mabbs,14 Iowa Drive,The Manchester Metropolitan University,cmabbs4j@slideshare.net
btomek4k,Burke Tomek,73735 4th Point,Katholische Hochschule für Soziale Arbeit Saarbrücken,btomek4k@arstechnica.com
ncowing4l,Nollie Cowing,78541 Michigan Drive,ICI University,ncowing4l@google.ca
pwhitehair4m,Perl Whitehair,4776 Sachtjen Parkway,Yasuj University of Medical Sciences,pwhitehair4m@goodreads.com
mwarton4n,Maryl Warton,94024 Butternut Place,Azzahra University,mwarton4n@devhub.com
hmcmychem4o,Hewitt McMychem,4 Pine View Hill,Acadia University,hmcmychem4o@auda.org.au
dbamell4p,Dulciana Bamell,6 Meadow Ridge Court,King Mongkut's University of Technology North Bangkok,dbamell4p@rambler.ru
etootell4q,Emmott Tootell,85 Maryland Drive,Göteborg University,etootell4q@pen.io
eproudlove4r,Emerson Proudlove,758 Morning Point,Université de Djibouti,eproudlove4r@boston.com
gbricksey4s,Gerianne Bricksey,69467 Brentwood Place,Ural Academy of Public Administration,gbricksey4s@state.gov
gskehens4t,Giacinta Skehens,99 Arrowood Crossing,Institute of Management Development - Ohrid,gskehens4t@opera.com
cantunes4u,Catie Antunes,9700 Mandrake Crossing,Sudan University for Science and Technology,cantunes4u@phpbb.com
arutt4v,Adoree Rutt,9121 Rigney Circle,National Taiwan University of Science and Technology,arutt4v@i2i.jp
dmattersey4w,Daryl Mattersey,74 Heffernan Alley,Mokpo National University,dmattersey4w@flickr.com
bsneesbie4x,Bram Sneesbie,455 Colorado Lane,University of Montenegro,bsneesbie4x@shutterfly.com
dbariball4y,Danni Bariball,3190 Surrey Drive,University of the Philippines Open University,dbariball4y@howstuffworks.com
evannucci4z,Easter Vannucci,49724 Judy Alley,Université de la Reunion,evannucci4z@so-net.ne.jp
vblackhall50,Vivianne Blackhall,49682 Waubesa Hill,Université de Nice-Sophia Antipolis,vblackhall50@aboutads.info
omewhirter51,Opalina Mewhirter,4817 Alpine Trail,University of Venda,omewhirter51@spiegel.de
ieassom52,Irv Eassom,68775 Esker Plaza,Widener University,ieassom52@github.io
kcollete53,Keslie Collete,10030 Lake View Hill,School of the Museum of Fine Arts,kcollete53@bloomberg.com
atabour54,Arlen Tabour,80 Monterey Hill,St. John Fisher College,atabour54@ibm.com
mrubbens55,Moritz Rubbens,2 Susan Road,Hacettepe University,mrubbens55@msn.com
ajewkes56,Ashbey Jewkes,05 Rigney Place,Nanjing University of Aeronautics and Astronautics,ajewkes56@phoca.cz
creihm57,Claudianus Reihm,6895 Jana Circle,Université des Sciences et de la Technologie Houari Boumediène,creihm57@mayoclinic.com
wbeavors58,Waylin Beavors,72 Mcbride Parkway,Bindura University of Science Education,wbeavors58@blogs.com
sohrt59,Shae Ohrt,65079 Hanson Court,Wayamba University of Sri Lanka ,sohrt59@hexun.com
mde5a,Mill De Freyne,6 Drewry Court,Caleb University,mde5a@slashdot.org
dellingsworth5b,Diane Ellingsworth,0 Fuller Crossing,University of Chicago,dellingsworth5b@tripadvisor.com
ayouhill5c,Adela Youhill,3 Mayer Parkway,Mount Senario College,ayouhill5c@cnet.com
rconlon5d,Reggis Conlon,73210 Knutson Trail,Universidad de San Pedro Sula,rconlon5d@nyu.edu
kpavis5e,Karin Pavis,5 5th Parkway,Kwara State Polytecnic,kpavis5e@archive.org
pdevlin5f,Patsy Devlin,22 Sheridan Alley,University of Texas of the Permian Basin,pdevlin5f@ifeng.com
ypenley5g,Ynez Penley,888 Homewood Road,College of Busniess Admnistration,ypenley5g@google.ru
bsuarez5h,Buck Suarez,59 Badeau Road,St. Peter's College,bsuarez5h@chicagotribune.com
rbradwell5i,Rodina Bradwell,89 Jay Drive,Universidad Bicentenaria de Aragua,rbradwell5i@seattletimes.com
odeakins5j,Oona Deakins,3 North Terrace,University of Northern Philippines,odeakins5j@discovery.com
ubysh5k,Ulla Bysh,72200 Washington Center,University of Wisconsin - Platteville,ubysh5k@ow.ly
dstandbridge5l,Dael Standbridge,81 Fieldstone Road,Beijing University of Posts and Telecommunications,dstandbridge5l@zimbio.com
jolivetti5m,Jany Olivetti,183 Maple Wood Alley,University of the Philippines Baguio,jolivetti5m@gravatar.com
rwhiteoak5n,Rey Whiteoak,2970 School Circle,Escuela de Arquitectura y Diseño,rwhiteoak5n@intel.com
bjansens5o,Brendin Jansens,87 Summerview Court,Malaspina University College,bjansens5o@pcworld.com
bsloy5p,Budd Sloy,374 Anthes Drive,Hanoi Medical University,bsloy5p@nymag.com
sconnerry5q,Sherm Connerry,476 Old Gate Trail,Universidad del Mayab,sconnerry5q@irs.gov
cbrockherst5r,Claudette Brockherst,588 Hauk Park,Kitakyushu University,cbrockherst5r@biglobe.ne.jp
tstone5s,Teddie Stone,16303 Schurz Alley,Dalhousie University,tstone5s@twitter.com
jofallowne5t,Jorrie O'Fallowne,3 Upham Junction,University Canada West,jofallowne5t@cam.ac.uk
lhastie5u,Leonanie Hastie,4 Mcguire Court,Southeastern Bible College,lhastie5u@uiuc.edu
ehallewell5v,Esra Hallewell,1775 Marquette Crossing,Universidad Nacional de Entre Ríos,ehallewell5v@omniture.com
jyellowlea5w,Julio Yellowlea,50 Lakeland Trail,University of Western Australia,jyellowlea5w@tiny.cc
adowzell5x,Ardis Dowzell,13 Kingsford Trail,St. Joseph's College of Maine,adowzell5x@reuters.com
ewiltshire5y,Ethan Wiltshire,71 Sachtjen Drive,Monash University,ewiltshire5y@list-manage.com
anice5z,Aguistin Nice,63 Marcy Point,Universidad del Pacífico,anice5z@behance.net
fjozaitis60,Farrand Jozaitis,39474 Mandrake Court,Universität Dortmund,fjozaitis60@foxnews.com
eschonfeld61,Elisha Schonfeld,8465 Portage Point,Universidad Juárez Autónoma de Tabasco,eschonfeld61@privacy.gov.au
dmaud62,Dannie Maud,5 Hallows Alley,Aichi Prefectural University of Fine Arts & Music,dmaud62@ft.com
jmoar63,Jareb Moar,423 Oak Valley Circle,Cedar Crest College,jmoar63@51.la
vmanuaud64,Veronike Manuaud,1 Clarendon Pass,Asian Institute of Technology,vmanuaud64@alexa.com
cgresswood65,Charleen Gresswood,28 Oriole Trail,University College Dublin,cgresswood65@answers.com
favraham66,Flinn Avraham,40 Manley Road,University of Manchester,favraham66@issuu.com
hloveguard67,Heindrick Loveguard,01087 Carberry Circle,International University,hloveguard67@marriott.com
epolkinghorne68,Edwin Polkinghorne,5086 Porter Street,San Beda College,epolkinghorne68@uol.com.br
lchristaeas69,Luis Christaeas,65158 Declaration Alley,Civil Aviation University of China,lchristaeas69@goodreads.com
mlawlee6a,Merv Lawlee,68985 Schurz Park,University of Switzerland,mlawlee6a@spiegel.de
tleworthy6b,Tiena Leworthy,4326 Morning Crossing,Kyushu Institute of Technology,tleworthy6b@opensource.org
bmidford6c,Bunny Midford,7 Hallows Avenue,Landmark University,bmidford6c@msn.com
cclemont6d,Cornell Clemont,76 Sutteridge Place,Universitas Darma Agung,cclemont6d@stanford.edu
palesi6e,Pennie Alesi,977 Larry Street,Universidad Nacional de Luján,palesi6e@nyu.edu
nsante6f,Noach Sante,39986 Hoard Plaza,Ecole Nationale Supérieure de Chimie de Paris,nsante6f@whitehouse.gov
gsemper6g,Germana Semper,535 Sloan Lane,Universidade do Sagrado Coração,gsemper6g@netscape.com
aoakley6h,Annis Oakley,50037 Raven Trail,Barry University,aoakley6h@home.pl
biuorio6i,Brier Iuorio,491 Schlimgen Point,National Taiwan University of Science and Technology,biuorio6i@dion.ne.jp
mwalls6j,Myrah Walls,452 Meadow Valley Hill,Free University of Bozen,mwalls6j@google.de
klillie6k,Kristian Lillie,17 Columbus Junction,East West University,klillie6k@google.co.uk
sterrill6l,Shelbi Terrill,13 Bobwhite Center,"Yorker International University, Milano",sterrill6l@arizona.edu
qwhopples6m,Quintana Whopples,6731 Hanson Drive,Universidad Anáhuac del Sur,qwhopples6m@washingtonpost.com
hkilius6n,Herminia Kilius,904 Leroy Road,Birsa Agricultural University,hkilius6n@ustream.tv
cbandiera6o,Craig Bandiera,40067 Hudson Lane,Rivier College,cbandiera6o@dailymail.co.uk
gpykerman6p,Georg Pykerman,25 Division Pass,Sylhet Agricultural University,gpykerman6p@surveymonkey.com
lmacelharge6q,Lola MacElharge,8408 Old Shore Court,"City University of New York, New York City Technical College",lmacelharge6q@weibo.com
akarpychev6r,Amandie Karpychev,60874 Kings Pass,State University of Management,akarpychev6r@europa.eu
ndrage6s,Neel Drage,190 Holy Cross Place,Eastern University of Sri Lanka,ndrage6s@redcross.org
dbigrigg6t,Dickie Bigrigg,88403 Drewry Junction,Universidad Autónoma Metropolitana,dbigrigg6t@noaa.gov
ooakman6u,Orelie Oakman,78 East Terrace,Centro Universitario Ixtlahuaca,ooakman6u@hugedomains.com
cstubbert6v,Cale Stubbert,1 Coleman Place,Al al-Bayt University,cstubbert6v@salon.com
clorne6w,Cora Lorne,88664 Mallory Point,Universidade Gregorio Semedo,clorne6w@pbs.org
fkrystek6x,Freida Krystek,83889 Macpherson Drive,Universidad de Valparaiso,fkrystek6x@soundcloud.com
ldealtry6y,Launce Dealtry,2100 Sunnyside Center,Aichi Gakusen University,ldealtry6y@si.edu
phayball6z,Paulie Hayball,7076 Swallow Junction,College of St. Joseph,phayball6z@purevolume.com
crickeard70,Carver Rickeard,3 David Court,Lyon College,crickeard70@lycos.com
kholleworth71,Kaycee Holleworth,1 Browning Drive,University of Hyderabad,kholleworth71@icq.com
hcammack72,Hana Cammack,3079 Stang Terrace,Bashkir State Medical University,hcammack72@tinyurl.com
wcoulman73,Willem Coulman,08513 Helena Alley,Kyungwon University,wcoulman73@plala.or.jp
cseater74,Chantal Seater,6877 Westerfield Circle,Shih Hsin University,cseater74@ucoz.com
rgudgen75,Reg Gudgen,3501 Butterfield Circle,Smolny University,rgudgen75@virginia.edu
gribeiro76,Georgi Ribeiro,8585 Sage Junction,Washington and Lee University,gribeiro76@cloudflare.com
hguilayn77,Holden Guilayn,73769 Bay Parkway,Corporación Universitaria Tecnológica de Bolivar,hguilayn77@drupal.org
fexell78,Fedora Exell,86118 Morning Pass,Notre Dame College,fexell78@berkeley.edu
hsmoughton79,Horace Smoughton,4197 Spohn Circle,Universidad Autónoma Latinoamericana,hsmoughton79@nbcnews.com
tbizley7a,Trina Bizley,001 Toban Point,Hebei Agricultural University,tbizley7a@earthlink.net
dkamienski7b,Dilly Kamienski,1919 Superior Junction,Dokuz Eylül University,dkamienski7b@1und1.de
fpomfrey7c,Fleurette Pomfrey,041 Anhalt Pass,Burlington College,fpomfrey7c@va.gov
cmunks7d,Coralyn Munks,71766 Meadow Ridge Drive,Avila College,cmunks7d@mozilla.org
cscotchbrook7e,Clara Scotchbrook,31 Lunder Center,Kitasato University,cscotchbrook7e@moonfruit.com
ahounson7f,Arly Hounson,434 Gateway Parkway,Universidad Nacional de San Agustin,ahounson7f@ed.gov
dstancliffe7g,Devon Stancliffe,167 Alpine Parkway,Antioch University,dstancliffe7g@tumblr.com
bkellett7h,Barbaraanne Kellett,163 Nancy Hill,Reed College,bkellett7h@squidoo.com
ajowitt7i,Anna-diane Jowitt,58807 Killdeer Street,National Formosa University,ajowitt7i@blogspot.com
ucaulliere7j,Udell Caulliere,29246 Ruskin Park,Universidade Estadual da Paraíba,ucaulliere7j@economist.com
aogiany7k,Adriano O'Giany,51 Declaration Lane,University of Bergamo,aogiany7k@prlog.org
lingliby7l,Leela Ingliby,3045 Lake View Center,Zaporizhzhe National Technical University,lingliby7l@indiegogo.com
tschneidau7m,Thaddus Schneidau,0609 Moose Park,University of Ljubljana,tschneidau7m@gmpg.org
woilier7n,William OIlier,70770 Kedzie Center,Universidad Atlantida Argentina,woilier7n@blinklist.com
gtarbin7o,Gabe Tarbin,6 8th Point,Wayne State College,gtarbin7o@wufoo.com
wyakunchikov7p,Waneta Yakunchikov,371 Fuller Place,Business and Hotel Management School,wyakunchikov7p@sourceforge.net
blyne7q,Barnett Lyne,03292 Lakewood Center,Universidade Estadual da Paraíba,blyne7q@wikimedia.org
ascoble7r,Alvis Scoble,42 Brickson Park Plaza,"Univerzitet u Mostaru ""Dzemal Bijedic""",ascoble7r@ft.com
mmansell7s,Milo Mansell,6 Kim Alley,International Kazakh-Turkish University,mmansell7s@fastcompany.com
yklimecki7t,Yvon Klimecki,05 Surrey Avenue,Universidad Hispanoamericana,yklimecki7t@photobucket.com
arevelle7u,Anthia Revelle,96 Blackbird Street,Universiti Putra Malaysia,arevelle7u@clickbank.net
srottgers7v,Scott Rottgers,22 Melody Point,Imam Khomeini International University,srottgers7v@zdnet.com
wbramelt7w,Walton Bramelt,992 Merrick Drive,University of Athens,wbramelt7w@phoca.cz
gstrattan7x,Gilberto Strattan,555 Buell Pass,International University,gstrattan7x@gnu.org
mclawsley7y,Marinna Clawsley,654 Manley Court,Universidad Nacional Experimental de Guayana,mclawsley7y@discovery.com
wcourcey7z,Wye Courcey,51287 East Park,Universidad Simón Bolivar,wcourcey7z@chron.com
kchiese80,Karolina Chiese,753 Jackson Street,University of Urbino,kchiese80@4shared.com
aspeight81,Antoni Speight,07 Transport Junction,International Institute for Higher Education,aspeight81@4shared.com
adoddridge82,Allissa Doddridge,094 Mallard Way,National University of Internal Affairs,adoddridge82@pen.io
rizkovici83,Rochette Izkovici,11 Thackeray Place,Penza State University,rizkovici83@clickbank.net
vlongden84,Valaree Longden,52 Gale Drive,Universidad Militar Nueva Granada,vlongden84@state.gov
jpepin85,Jakie Pepin,76 Arrowood Crossing,"Institut Armand-Frappier, Université du Québec",jpepin85@baidu.com
ndoughtery86,Neal Doughtery,8 Kennedy Court,Kansai Medical University,ndoughtery86@booking.com
pduquesnay87,Pancho Duquesnay,79868 Schurz Place,New Era University,pduquesnay87@europa.eu
lgaydon88,Lonnard Gaydon,158 Ridge Oak Avenue,Copenhagen Business School,lgaydon88@php.net
dchristie89,Des Christie,80412 Grim Pass,Universitas Brawijaya,dchristie89@discovery.com
hmorse8a,Hillary Morse,31 Riverside Alley,Uzbek State World Languages University,hmorse8a@blogspot.com
jkull8b,Jdavie Kull,903 Erie Point,New York Instiute of Technology,jkull8b@hugedomains.com
